ds,y,anomaly_score,anomaly
2021-01-01,49.83284749699912,0.27674148375155905,1
2021-01-02,51.04488155967405,0.27674148375155905,1
2021-01-03,53.114587121728235,0.27674148375155905,1
2021-01-04,54.27137390598477,0.27674148375155905,1
2021-01-05,51.251617497257364,0.27674148375155905,1
2021-01-06,55.571197350467294,0.27674148375155905,1
2021-01-07,52.39943670341136,0.27674148375155905,1
2021-01-08,53.606944403942016,0.2591912968590298,1
2021-01-09,51.155094420904085,0.2581496574799119,1
2021-01-10,53.679777912238485,0.25505561208485966,1
2021-01-11,52.42611335875755,0.24977723145825032,1
2021-01-12,58.81515639281394,0.25433149988675186,1
2021-01-13,58.29788650686682,0.1876793780250764,1
2021-01-14,54.90353027377727,0.2018668856175725,1
2021-01-15,55.78280842001471,0.20631896140183353,1
2021-01-16,55.280146606905866,0.2458073403823146,1
2021-01-17,57.36075620737111,0.24087204077860414,1
2021-01-18,56.640217007166086,0.21836988123335765,1
2021-01-19,60.69530705988045,0.25460234146392835,1
2021-01-20,56.07162134379692,0.25142179963095984,1
2021-01-21,57.26926244262732,0.24922943087678412,1
2021-01-22,59.89433321226085,0.24642195344330342,1
2021-01-23,58.7927694996978,0.24778812259418703,1
2021-01-24,58.16784255767847,0.24493409534783467,1
2021-01-25,59.60904132488432,0.2516408922474668,1
2021-01-26,57.53336417840091,0.2318255344311227,1
2021-01-27,61.07826064666111,0.244377323825604,1
2021-01-28,58.53997162552697,0.21467161077119912,1
2021-01-29,61.322274698104636,0.2510826506533619,1
2021-01-30,62.274052350713184,0.26269251991225895,1
2021-01-31,60.59669438664657,0.24297102897071865,1
2021-02-01,60.427180733906965,0.23984379699083086,1
2021-02-02,59.652658067893945,0.17996919304003034,1
2021-02-03,61.32963259276298,0.18533383649071278,1
2021-02-04,60.833048116378265,0.0808064713396972,1
2021-02-05,61.67629926691733,0.09040636750813646,1
2021-02-06,64.19991145691246,0.15526982308900017,1
2021-02-07,59.32682393950162,0.1865722849358048,1
2021-02-08,61.105716384234256,0.17622836174499623,1
2021-02-09,58.93331434108893,0.19564151362224025,1
2021-02-10,60.72310113365088,0.19887287141300425,1
2021-02-11,59.50934653578866,0.20633217017540362,1
2021-02-12,59.39619679104678,0.24127319119818386,1
2021-02-13,56.27331615229687,0.2565520448282465,1
2021-02-14,57.09937337058115,0.2666204497953664,1
2021-02-15,60.027482586789006,0.25522888364509183,1
2021-02-16,56.30730546322281,0.2552340016221819,1
2021-02-17,57.13548110543374,0.23653576771917706,1
2021-02-18,55.15045441159611,0.25150313472669433,1
2021-02-19,57.033632441926834,0.21733178264770248,1
2021-02-20,58.57401412029932,0.22595184077952857,1
2021-02-21,55.18476285941549,0.24940462048883827,1
2021-02-22,57.44102999853366,0.19304542177220774,1
2021-02-23,52.415205717860125,0.2398297463608396,1
2021-02-24,55.892704918332896,0.24010595104479432,1
2021-02-25,52.015323297351664,0.23703062263002767,1
2021-02-26,52.01701325332203,0.23393581962910864,1
2021-02-27,54.58113581214622,0.2559208438135204,1
2021-02-28,51.20370024141094,0.27166180916646965,1
2021-03-01,55.21128810914808,0.2677784027088528,1
2021-03-02,49.382565365354715,0.2712098527499859,1
2021-03-03,49.551896771016224,0.26049596175756484,1
2021-03-04,49.68994087348779,0.2532812469884334,1
2021-03-05,51.08438693398945,0.25389723876496867,1
2021-03-06,50.161114222647726,0.26569317131810394,1
2021-03-07,48.234236581915965,0.25445696926410233,1
2021-03-08,49.53635460370531,0.1534104065237032,1
2021-03-09,50.09368277671056,0.15566178024783583,1
2021-03-10,45.27678039497191,0.2567897258126458,1
2021-03-11,48.11441222895183,0.26688193617068484,1
2021-03-12,47.87838559123695,0.2377683376873715,1
2021-03-13,43.67826859132571,0.25380896049969587,1
2021-03-14,48.216788543363585,0.25380896049969587,1
2021-03-15,46.35320782171955,0.26504619558921255,1
2021-03-16,45.874726636752975,0.25740689875885586,1
2021-03-17,41.24696551417529,0.25137205536695106,1
2021-03-18,46.89848269715946,0.25470893283514523,1
2021-03-19,44.81267843863071,0.26707440886037187,1
2021-03-20,42.39068188596633,0.2636796821294271,1
2021-03-21,45.77747986188837,0.2707667926844242,1
2021-03-22,42.24810182750204,0.25086943305276777,1
2021-03-23,43.038097065202244,0.26563186854220866,1
2021-03-24,39.28135814196237,0.2451874246705939,1
2021-03-25,42.71734304292266,0.2684527980392376,1
2021-03-26,39.23426518133389,0.25341313061266724,1
2021-03-27,44.179244757713704,0.24824747237787598,1
2021-03-28,40.47061736086813,0.28601727746994,1
2021-03-29,41.23635268554777,0.2840570160612015,1
2021-03-30,43.278414549944806,0.2840000858061424,1
2021-03-31,37.65890142702897,0.25470942465074053,1
2021-04-01,36.85917230541514,0.19616219674703628,1
2021-04-02,38.9314014470483,0.18870172225082604,1
2021-04-03,41.57130276770842,0.21807656123775615,1
2021-04-04,42.19934421080514,0.21914573417976269,1
2021-04-05,38.902482472145515,0.1989819094962091,1
2021-04-06,41.03010572621358,0.21773602020076555,1
2021-04-07,40.057237431577974,0.2500413890459574,1
2021-04-08,40.946753655914854,0.2155867569001632,1
2021-04-09,39.97532819317318,0.1870165470084748,1
2021-04-10,42.93999267496185,0.24804296401349096,1
2021-04-11,72.41083881699645,-0.0008776377932544488,-1
2021-04-12,41.40203458760414,0.006733681384614498,1
2021-04-13,38.822459392075835,7.82891966423227e-05,1
2021-04-14,39.120451175074884,-0.013910060100315369,-1
2021-04-15,44.27722236669321,0.002462455109429218,1
2021-04-16,43.751130698499864,-0.009740285098858492,-1
2021-04-17,41.532408003793165,-0.00097683781137059,-1
2021-04-18,42.475649022382306,0.2760940869710642,1
2021-04-19,40.91555760333139,0.2757787911231648,1
2021-04-20,38.92886951235664,0.2770027416273444,1
2021-04-21,41.32523235059061,0.2648300452087853,1
2021-04-22,41.546165795967795,0.2646388247664824,1
2021-04-23,40.6818107196773,0.20792105744748696,1
2021-04-24,43.39987914444081,0.26555696513514426,1
2021-04-25,46.3696976727179,0.25453862588665,1
2021-04-26,47.69064054320414,0.1717190151690311,1
2021-04-27,44.719365048580336,0.24055841537521416,1
2021-04-28,42.58500589451263,0.24973405385892633,1
2021-04-29,47.683893158464215,0.25417363915573526,1
2021-04-30,46.832445477890005,0.27172010525798107,1
2021-05-01,46.85378261905153,0.26779128909023764,1
2021-05-02,46.42093520945724,0.26779128909023764,1
2021-05-03,49.96865893622557,0.2617238255369145,1
2021-05-04,47.592686178241664,0.2613445448993197,1
2021-05-05,52.866655340749425,0.25163939922705164,1
2021-05-06,48.62997619064685,0.24909435203933988,1
2021-05-07,50.25633835639751,0.24755305357053514,1
2021-05-08,51.96102352619761,0.24565065071056658,1
2021-05-09,52.56307294745011,0.26379861629146434,1
2021-05-10,50.73329838043964,0.26965280641415806,1
2021-05-11,50.717939256048844,0.23715323377713088,1
2021-05-12,52.344016637785984,0.23862030247128846,1
2021-05-13,51.08541394625272,0.18009376780576636,1
2021-05-14,53.32652374027055,0.21125343810558983,1
2021-05-15,50.87526399461328,0.2180570096844302,1
2021-05-16,53.6713179160802,0.2317797300445653,1
2021-05-17,57.91524166225215,0.26593598520430556,1
2021-05-18,53.64141000405474,0.27496806651232786,1
2021-05-19,55.1086677842893,0.2639409159500023,1
2021-05-20,58.17142648279745,0.2450429915755189,1
2021-05-21,49.52547173373162,0.14421318640409808,1
2021-05-22,59.821895634338254,0.13579024600996004,1
2021-05-23,58.372854334092715,0.11573958898518255,1
2021-05-24,58.98190405651399,0.10464411264862405,1
2021-05-25,56.24146034208903,0.12888729302779645,1
2021-05-26,59.151077398221645,0.11958987374603924,1
2021-05-27,60.17276018209506,0.09236642402602502,1
2021-05-28,57.09977268347257,0.24699638938399443,1
2021-05-29,61.61437676463736,0.2576370265800894,1
2021-05-30,61.1894234439383,0.26512934315083,1
2021-05-31,60.274349445205324,0.26456709157192076,1
2021-06-01,59.85806677384689,0.23105266122953871,1
2021-06-02,63.76032381780481,0.23177695588241842,1
2021-06-03,57.907420850195756,0.22518314528564481,1
2021-06-04,58.8635363562853,0.23809094877889375,1
2021-06-05,58.882201282254215,0.25081654691324234,1
2021-06-06,62.547018231348304,0.22847235381487474,1
2021-06-07,58.862153817719246,0.23399124792654846,1
2021-06-08,59.09867334098295,0.23060600563030131,1
2021-06-09,64.16209211779201,0.22222671385378462,1
2021-06-10,58.92186726680015,0.2280853519251282,1
2021-06-11,62.30707465188498,0.19234744419473793,1
2021-06-12,58.127275435475795,0.2023818213980525,1
2021-06-13,58.176180657078135,0.22692488276944467,1
2021-06-14,58.33972780629923,0.22632548295748767,1
2021-06-15,61.328924387626756,0.20962791198898612,1
2021-06-16,60.650506464704236,0.26276779632593983,1
2021-06-17,58.88758865014613,0.26276779632593983,1
2021-06-18,58.80295459301531,0.24075476434290283,1
2021-06-19,58.129639905975644,0.24075476434290283,1
2021-06-20,59.31339040342824,0.21638035905422093,1
2021-06-21,55.94182399283168,0.2679293979814691,1
2021-06-22,57.05136879927474,0.24008162642088426,1
2021-06-23,59.83276246027324,0.23528723866821144,1
2021-06-24,54.67730732974874,0.2472198207533738,1
2021-06-25,59.567654388301094,0.24721710056663654,1
2021-06-26,55.03288098981208,0.2439873695421122,1
2021-06-27,53.65771398474685,0.24672981490295265,1
2021-06-28,57.16467125725258,0.24899221540908628,1
2021-06-29,52.03729923264009,0.19230071753036915,1
2021-06-30,53.78599103767799,0.24246420882117786,1
2021-07-01,53.19049361296436,0.23968990095269233,1
2021-07-02,54.532063112417795,0.24665781955042265,1
2021-07-03,53.476321774111995,0.2440428420474836,1
2021-07-04,53.01781696120201,0.24870926713603597,1
2021-07-05,50.83018357734883,0.23098519183044725,1
2021-07-06,50.49867952091374,0.25342848912446353,1
2021-07-07,50.95453772328789,0.24707961535442768,1
2021-07-08,47.679206807714074,0.2594687329001705,1
2021-07-09,48.65391252483395,0.2586977562604798,1
2021-07-10,52.51659967469784,0.26649564322013686,1
2021-07-11,48.43821131359284,0.24665392219119425,1
2021-07-12,46.58463011529034,0.25125620618938954,1
2021-07-13,48.013408624245855,0.2629149961401196,1
2021-07-14,48.75307622042772,0.2562199121963011,1
2021-07-15,46.91525258442721,0.26433202200466355,1
2021-07-16,40.93991543839502,0.1438022229271978,1
2021-07-17,45.72780064899826,0.24423450286162773,1
2021-07-18,41.772689175293124,0.2128616508668989,1
2021-07-19,46.908542080904134,0.20874366641903808,1
2021-07-20,45.7283926858662,0.22581743960075124,1
2021-07-21,45.6900922816686,0.2637181416118472,1
2021-07-22,42.39826923221814,0.255007393630719,1
2021-07-23,46.227945987465624,0.2782444577772076,1
2021-07-24,45.435655761623224,0.27869602636496377,1
2021-07-25,39.528867348486706,0.2518306316313427,1
2021-07-26,42.375800451804295,0.2503614670383457,1
2021-07-27,43.04454403130029,0.25272317071328304,1
2021-07-28,43.51235042910246,0.25848381431320516,1
2021-07-29,41.20565662965645,0.26038387701980364,1
2021-07-30,40.3534745620449,0.279714774695144,1
2021-07-31,39.29148420053865,0.26845548888218923,1
2021-08-01,40.960797722356055,0.27571303191986984,1
2021-08-02,41.02559831646803,0.2636615997048915,1
2021-08-03,40.86936386468991,0.2369772679649063,1
2021-08-04,42.05700076408555,0.1390066505989188,1
2021-08-05,36.74783621050392,0.2461301565827827,1
2021-08-06,38.00368984420126,0.25451117711939353,1
2021-08-07,38.32694616791521,0.23773950605323457,1
2021-08-08,41.10087124113956,0.23738058869136464,1
2021-08-09,42.00496847209986,0.23295524012754548,1
2021-08-10,37.04335145882341,0.17536945968168904,1
2021-08-11,39.3464204139718,0.17245699078815002,1
2021-08-12,39.190519873879104,0.17810447658319684,1
2021-08-13,38.82995661236789,0.19251364645432578,1
2021-08-14,41.435567034245985,0.23942931194934425,1
2021-08-15,41.28304568987724,0.24489829928694606,1
2021-08-16,41.798792889391336,0.23566722400913165,1
2021-08-17,39.58797674474712,0.20379379506288564,1
2021-08-18,43.11663214043382,0.24383946992168348,1
2021-08-19,42.22831179070225,0.2619963212165676,1
2021-08-20,41.72232133635046,0.21529333746560853,1
2021-08-21,38.74234287906796,0.267625732288249,1
2021-08-22,40.995193817914306,0.26563666125654056,1
2021-08-23,41.723633808884095,0.26429810508534335,1
2021-08-24,41.820108185751266,0.2599436470766662,1
2021-08-25,39.08263165357403,0.25207909524516753,1
2021-08-26,41.88346628837465,0.2483879096681898,1
2021-08-27,49.35688711662323,0.10700977140667955,1
2021-08-28,42.92616542341409,0.14555688878556794,1
2021-08-29,42.81920632330372,0.1696526023885494,1
2021-08-30,44.3106054651764,0.1747298371157021,1
2021-08-31,47.617870962437756,0.13703096592032793,1
2021-09-01,43.22038877559863,0.23385410411647328,1
2021-09-02,47.93906506167432,0.23877433099738637,1
2021-09-03,46.058269533182624,0.2656537996517987,1
2021-09-04,48.22405899653092,0.26655384682579597,1
2021-09-05,47.31767024688232,0.27683183133054706,1
2021-09-06,47.54166675743269,0.2653969931885692,1
2021-09-07,49.33875550379274,0.2740133766419542,1
2021-09-08,25.157271732428583,0.017265993385384815,1
2021-09-09,49.62314425551695,0.02254900774044355,1
2021-09-10,50.289063404035744,0.02945047974765158,1
2021-09-11,52.53316207437718,0.02115905234053639,1
2021-09-12,53.226352034201774,0.005848090913792459,1
2021-09-13,52.35760521747325,8.865028214732895e-06,1
2021-09-14,51.91277682285764,-0.009832978732392417,-1
2021-09-15,52.485098499955825,0.23228208135640993,1
2021-09-16,51.93276580061691,0.1845679810031039,1
2021-09-17,54.995287457974634,0.2229846569143326,1
2021-09-18,53.5925241364395,0.222417166185085,1
2021-09-19,54.636082941990296,0.2340870475947825,1
2021-09-20,51.2326308247905,0.24961390465484146,1
2021-09-21,56.2221323681665,0.2626329817222294,1
2021-09-22,53.36490126795196,0.25783025806810805,1
2021-09-23,56.376402494195936,0.25283830845252864,1
2021-09-24,55.81277916525448,0.25472772206347605,1
2021-09-25,60.29624376003106,0.21347364859348866,1
2021-09-26,57.78365480807898,0.1922958753797669,1
2021-09-27,56.837169117209896,0.24987453311400487,1
2021-09-28,62.24412272604419,0.17469505577000533,1
2021-09-29,55.55489875840516,0.22428471576142467,1
2021-09-30,59.26872405814654,0.22403499206276112,1
2021-10-01,55.7568972823032,0.22147116240120623,1
2021-10-02,59.715772983070046,0.22820616087878898,1
2021-10-03,58.88031441585042,0.22926868963077834,1
2021-10-04,59.31539257207132,0.2202664437861302,1
2021-10-05,61.29891007633863,0.23554953398908735,1
2021-10-06,59.90758220787495,0.26251351061195055,1
2021-10-07,62.25327113983345,0.2572249210325729,1
2021-10-08,62.782833249472276,0.21156418675428468,1
2021-10-09,57.691187940217056,0.24999460820135272,1
2021-10-10,57.916138416215524,0.2471237826841095,1
2021-10-11,57.608039010373076,0.2378612939887943,1
2021-10-12,62.264002910358734,0.22238206973154118,1
2021-10-13,61.110872692029574,0.20982179581042554,1
2021-10-14,58.986053230031146,0.23514288211315187,1
2021-10-15,58.895834243058104,0.2688871593196864,1
2021-10-16,57.02929846048155,0.2661148779621105,1
2021-10-17,59.57059343937237,0.2720154006828799,1
2021-10-18,59.79773730697402,0.25862312638775153,1
2021-10-19,59.4822645007082,0.23314115306351701,1
2021-10-20,60.133429047613575,0.1885775964904841,1
2021-10-21,58.07263021551814,0.19732923203020192,1
2021-10-22,56.66013657945509,0.24183891410995656,1
2021-10-23,58.07497476040765,0.22951478093964323,1
2021-10-24,57.2943131627088,0.23367389516105963,1
2021-10-25,56.46931511639064,0.22719537075403362,1
2021-10-26,59.29444332089787,0.2214939427838219,1
2021-10-27,58.230877308582166,0.1508370156957627,1
2021-10-28,53.76106111925108,0.2524854688480343,1
2021-10-29,58.717955888583774,0.25222401950018075,1
2021-10-30,56.28969952445132,0.25318229052249147,1
2021-10-31,52.7647635057975,0.24427806903598992,1
2021-11-01,55.80202252183837,0.24488843303055724,1
2021-11-02,57.06564185504484,0.23876083831081185,1
2021-11-03,52.635916054578864,0.245558210918355,1
2021-11-04,51.48295660460603,0.23205331305598548,1
2021-11-05,51.56583273109163,0.2673747084725295,1
2021-11-06,52.55965255961222,0.2612880875811324,1
2021-11-07,53.359692567158284,0.2592459783201307,1
2021-11-08,51.56637803878773,0.274798753977649,1
2021-11-09,50.5280129752027,0.19938074958338536,1
2021-11-10,53.115590483054795,0.21085102026871422,1
2021-11-11,51.96730866246782,0.21290998258482507,1
2021-11-12,49.66436211037642,0.2382985412654956,1
2021-11-13,48.43558706048079,0.25995225467790833,1
2021-11-14,48.74840946315725,0.2560693570115723,1
2021-11-15,48.146447638778156,0.2639355037216705,1
2021-11-16,46.40301440334287,0.24644342120277896,1
2021-11-17,47.92807775136103,0.24358451882481347,1
2021-11-18,48.65142002160419,0.18095014249020458,1
2021-11-19,46.01684079297671,0.19940664124215923,1
2021-11-20,44.11610462992013,0.2538014281584688,1
2021-11-21,43.78107290428415,0.2762506531518956,1
2021-11-22,43.501284385855406,0.27465508395431604,1
2021-11-23,41.8655376904308,0.2632482440279191,1
2021-11-24,43.77593956640105,0.2557378909515919,1
2021-11-25,43.14377029387161,0.23010911490181707,1
2021-11-26,44.7889306399758,0.176362943780228,1
2021-11-27,42.443270525456754,0.18814715359579315,1
2021-11-28,41.22764339409954,0.22767998073594375,1
2021-11-29,42.86135509772838,0.2165651663665462,1
2021-11-30,41.75393953850746,0.22171887459248368,1
2021-12-01,41.08427633521597,0.2374319134114259,1
2021-12-02,43.084149640442526,0.238783645382806,1
2021-12-03,41.63431248780646,0.1290180851354431,1
2021-12-04,42.644142436546694,0.13357032069098418,1
2021-12-05,39.04804401638015,0.25145052725729466,1
2021-12-06,40.58456225828274,0.26130988130931365,1
2021-12-07,40.582884536302345,0.2635953225086609,1
2021-12-08,41.54668483244422,0.26487126796409577,1
2021-12-09,39.15591774428633,0.23320552218782536,1
2021-12-10,37.61734889524494,0.24259598641792945,1
2021-12-11,43.80826945003267,0.2652404892341528,1
2021-12-12,41.496374281130606,0.26672370558377456,1
2021-12-13,38.167349555804854,0.25405251635597437,1
2021-12-14,42.1443420583316,0.23960735431371283,1
2021-12-15,44.02384460655806,0.22100158761141553,1
2021-12-16,40.437961852441816,0.23379071631804593,1
2021-12-17,41.569455761749744,0.2827791849858357,1
2021-12-18,40.740251913861904,0.2695101910571501,1
2021-12-19,43.0856564233352,0.2834856214226919,1
2021-12-20,39.92345225571181,0.260786521574686,1
2021-12-21,39.763721331663234,0.2688306817079415,1
2021-12-22,41.468457478296116,0.21185782386418056,1
2021-12-23,39.10756843284125,0.24813721567780106,1
2021-12-24,43.71495737623402,0.2607867164027125,1
2021-12-25,36.888572342161225,0.23634626125937258,1
2021-12-26,43.04540052937842,0.23641251992518575,1
2021-12-27,38.344634322945815,0.21838367506744438,1
2021-12-28,42.70275006999394,0.20729687114813744,1
2021-12-29,44.614618670577826,0.15503672432390947,1
2021-12-30,42.07397989485893,0.1901981769850214,1
2021-12-31,40.2562487267993,0.20453575639831678,1
2022-01-01,44.12853443510281,0.25836617013180657,1
2022-01-02,46.168844018751095,0.23230555643025097,1
2022-01-03,42.6657450527381,0.2733271817072077,1
2022-01-04,43.48239034071218,0.2716378141359523,1
2022-01-05,43.90273190557613,0.26498580049438447,1
2022-01-06,45.011101083005634,0.2713749739530947,1
2022-01-07,47.92714946348013,0.27045843673855324,1
2022-01-08,43.40976406910789,0.26993861131320274,1
2022-01-09,52.13925175576265,0.16653015243016656,1
2022-01-10,46.44343438991893,0.19669003217999215,1
2022-01-11,52.12369783832993,0.12533517508055214,1
2022-01-12,48.76886259781431,0.15318867050411333,1
2022-01-13,51.12985895260334,0.15550046373578363,1
2022-01-14,52.74955396002933,0.11678315181612375,1
2022-01-15,48.962267581538626,0.25736689300507354,1
2022-01-16,56.470617317327964,0.15586725969527082,1
2022-01-17,52.59682443740173,0.23732293909295193,1
2022-01-18,55.014232813866585,0.20270833495672802,1
2022-01-19,50.69338046917865,0.2559021282764566,1
2022-01-20,55.10044863949424,0.24807798805536146,1
2022-01-21,51.44681194786086,0.24003796844809722,1
2022-01-22,52.10498730473628,0.2597936881069757,1
2022-01-23,58.48876538323158,0.23829799270256974,1
2022-01-24,55.00169317172894,0.23690990626172803,1
2022-01-25,54.01927849727375,0.24567588547414243,1
2022-01-26,55.13298576526084,0.260581415421582,1
2022-01-27,61.730061991658154,0.11994927254613263,1
2022-01-28,55.67484326326719,0.15359595436610518,1
2022-01-29,55.79345819801764,0.2275041646264977,1
2022-01-30,58.796115643227864,0.22560416538181832,1
2022-01-31,57.58815703767271,0.23366524625075624,1
2022-02-01,56.22559077405878,0.24769430945835264,1
2022-02-02,62.566116138680044,0.18062215862805964,1
2022-02-03,59.77191539056059,0.22015797413180277,1
2022-02-04,58.29678600146679,0.22816053973981504,1
2022-02-05,61.3644012304279,0.24232657621490672,1
2022-02-06,59.112580371243936,0.24191570570907284,1
2022-02-07,58.504495845990604,0.2554408003114574,1
2022-02-08,55.65897507849309,0.2402605233485956,1
2022-02-09,59.3382386917644,0.26278321212095435,1
2022-02-10,61.23892948260115,0.2632559533098411,1
2022-02-11,60.54699828624373,0.2729457665039593,1
2022-02-12,57.65061413270166,0.2573431180207551,1
2022-02-13,62.71308140131917,0.22821432595167834,1
2022-02-14,58.66574601600733,0.23210258819404533,1
2022-02-15,58.71637522610712,0.2606524738789401,1
2022-02-16,59.194274642151676,0.26416748234473586,1
2022-02-17,61.24330612991982,0.26416748234473586,1
2022-02-18,59.024329002856675,0.27043668070301446,1
2022-02-19,59.61085833663489,0.23903912006945433,1
2022-02-20,59.7936866729828,0.14487684927089395,1
2022-02-21,61.481391814905685,0.18027006793081568,1
2022-02-22,61.67519225778517,0.16551451773571724,1
2022-02-23,57.746318040955614,0.22895017553074742,1
2022-02-24,59.94571036463885,0.23242179165170013,1
2022-02-25,59.52541231833368,0.21745042252513147,1
2022-02-26,56.396778024284814,0.26562064288822274,1
2022-02-27,57.55044093931059,0.25860079504318156,1
2022-02-28,61.61973363287358,0.25948888791625224,1
2022-03-01,54.60349244177189,0.23472935176331822,1
2022-03-02,58.36310007654682,0.23424094509674442,1
2022-03-03,53.795438959111486,0.2089465446982844,1
2022-03-04,55.78676030224269,0.23403711238591246,1
2022-03-05,59.91893076520084,0.20097115180070146,1
2022-03-06,56.580650444742574,0.1973636222200359,1
2022-03-07,55.13584016670471,0.2424561382192319,1
2022-03-08,53.7139181166778,0.2420909011614164,1
2022-03-09,54.30536278109399,0.23812987809973324,1
2022-03-10,56.36952628338651,0.23836870463574855,1
2022-03-11,49.70513656529919,0.16798450298554335,1
2022-03-12,52.69473848814697,0.2604162921688338,1
2022-03-13,55.68582448317387,0.26333510705029073,1
2022-03-14,50.943229903432204,0.2671917157802889,1
2022-03-15,50.78701840308314,0.25579140618248036,1
2022-03-16,49.798867359373524,0.2279206318566786,1
2022-03-17,48.622879323380154,0.2656234950191064,1
2022-03-18,50.751847209130545,0.26238138978737247,1
2022-03-19,48.29620191795004,0.2510352407639455,1
2022-03-20,51.61121493057881,0.22117710576931976,1
2022-03-21,46.34277877094869,0.2500869515791742,1
2022-03-22,46.755660051612956,0.2656632041481558,1
2022-03-23,47.3817881943479,0.2617991791974896,1
2022-03-24,46.91331280294806,0.2584164396420662,1
2022-03-25,45.97385427982732,0.2631564553242028,1
2022-03-26,45.271103840217506,0.26883587069315895,1
2022-03-27,46.615071986818826,0.12937486241395868,1
2022-03-28,45.23564791013043,0.1541866879587469,1
2022-03-29,46.478107725273624,0.14767918435205918,1
2022-03-30,43.90414763297444,0.19485199749452276,1
2022-03-31,42.44860366964097,0.2449918924252823,1
2022-04-01,42.46808206642314,0.25927742047801267,1
2022-04-02,41.01223052958169,0.25617489678390665,1
2022-04-03,40.48430014797441,0.25475846171278116,1
2022-04-04,41.79712906461597,0.27245653733996944,1
2022-04-05,39.5002430217023,0.2608745564544062,1
2022-04-06,43.84534902534565,0.2592725643498841,1
2022-04-07,43.03650996762498,0.26773619413522803,1
2022-04-08,40.54148564630155,0.2711525502536009,1
2022-04-09,42.724543592142325,0.26597005888926434,1
2022-04-10,39.55239434044405,0.2749549000743402,1
2022-04-11,41.26790465506364,0.27288139241223824,1
2022-04-12,44.167442106485055,0.2590876756937558,1
2022-04-13,38.78843504264079,0.2836858385789735,1
2022-04-14,38.32258275454236,0.258948538841544,1
2022-04-15,40.22275026422463,0.25968167182346985,1
2022-04-16,39.05767345745831,0.2592636370459149,1
2022-04-17,40.74849157986081,0.2689802030229885,1
2022-04-18,42.659350222488435,0.259179620809464,1
2022-04-19,37.8499783568119,0.21132090534489884,1
2022-04-20,40.35123277290526,0.23381384098063462,1
2022-04-21,39.362261834429646,0.23978333322385592,1
2022-04-22,37.94785266676767,0.21982335919119755,1
2022-04-23,42.065111927660176,0.25586938662830283,1
2022-04-24,42.53417730608356,0.26265669488650534,1
2022-04-25,38.70880019181112,0.2526108659703653,1
2022-04-26,43.50678351619319,0.26280911519389216,1
2022-04-27,39.57313004756219,0.26013268680671103,1
2022-04-28,38.33145229346792,0.2443705472592047,1
2022-04-29,44.27589657719256,0.2498008182950967,1
2022-04-30,39.56925105299729,0.2371958273351314,1
2022-05-01,45.30366782761041,0.16586085017296193,1
2022-05-02,43.14108499454671,0.22080132717151196,1
2022-05-03,41.07710381219081,0.2328210673110434,1
2022-05-04,41.898936055892015,0.24096436106001456,1
2022-05-05,43.4899194747972,0.27487479293326955,1
2022-05-06,43.77314132690879,0.27317367059671954,1
2022-05-07,45.17207917916582,0.248571374782999,1
2022-05-08,45.594384624767315,0.2479614615566763,1
2022-05-09,46.17936615178625,0.2723963990002453,1
2022-05-10,45.503032172018564,0.2461910387301543,1
2022-05-11,45.64734003886511,0.2010823646047588,1
2022-05-12,48.202045891529686,0.21961933279535617,1
2022-05-13,47.933856168927335,0.22113524067451612,1
2022-05-14,48.28654474784576,0.22684791754233236,1
2022-05-15,48.42969572733157,0.22293700644268843,1
